{"cameraMode":{"drawMode":0,"name":"Shaded","section":"Shading Mode"},"sceneLighting":true,"audioPlay":false,"sceneViewState":{"m_AlwaysRefresh":false,"showFog":true,"showSkybox":true,"showFlares":true,"showImageEffects":true,"showParticleSystems":true,"showVisualEffectGraphs":true,"m_FxEnabled":true},"in2DMode":false,"pivot":{"x":42.58483123779297,"y":10.640997886657715,"z":-70.23981475830078},"rotation":{"x":0.00708503695204854,"y":0.9885978102684021,"z":-0.04928264766931534,"w":0.14214079082012177},"size":12.718218803405762,"orthographic":false}